Model,Mean_ROC_AUC
LogisticRegression,0.7185832851183728
RandomForest,0.6732849224441407
SVM,0.5069919954903372
NaiveBayes,0.7203053264017096
DecisionTree,0.5243655513135832
KNN,0.5814862577329835
GradientBoosting,0.7254753688237934
